"No.","Time","Source","Destination","Protocol","Length","Sender IP address","Info"
"217","1.037049","10.1.1.2","10.1.2.3","TCP","94","","49154  >  10 [SYN] Seq=0 Win=65535 Len=0 TSval=0 TSecr=0 WS=4 SACK_PERM"
"221","1.037421","10.1.1.2","10.1.2.5","TCP","94","","49156  >  12 [SYN] Seq=0 Win=65535 Len=0 TSval=0 TSecr=0 WS=4 SACK_PERM"
"225","1.037786","10.1.1.2","10.1.2.7","TCP","94","","49158  >  14 [SYN] Seq=0 Win=65535 Len=0 TSval=0 TSecr=0 WS=4 SACK_PERM"
"229","1.040778","10.1.1.2","10.1.2.9","TCP","94","","49160  >  16 [SYN] Seq=0 Win=65535 Len=0 TSval=0 TSecr=0 WS=4 SACK_PERM"
"231","1.041060","10.1.1.2","10.1.2.11","TCP","94","","49162  >  18 [SYN] Seq=0 Win=65535 Len=0 TSval=0 TSecr=0 WS=4 SACK_PERM"
"235","1.041398","10.1.1.2","10.1.2.13","TCP","94","","49164  >  20 [SYN] Seq=0 Win=65535 Len=0 TSval=0 TSecr=0 WS=4 SACK_PERM"
"237","1.041600","10.1.1.2","10.1.2.15","TCP","94","","49166  >  22 [SYN] Seq=0 Win=65535 Len=0 TSval=0 TSecr=0 WS=4 SACK_PERM"
"239","1.041757","10.1.1.2","10.1.2.12","TCP","94","","49163  >  19 [SYN] Seq=0 Win=65535 Len=0 TSval=0 TSecr=0 WS=4 SACK_PERM"
"242","1.042171","10.1.1.2","10.1.2.12","TCP","94","","[TCP Retransmission] 49163  >  19 [SYN] Seq=0 Win=65535 Len=0 TSval=0 TSecr=0 WS=4 SACK_PERM"
"248","1.045073","10.1.1.2","10.1.2.17","TCP","94","","49168  >  24 [SYN] Seq=0 Win=65535 Len=0 TSval=0 TSecr=0 WS=4 SACK_PERM"
"252","1.045361","10.1.1.2","10.1.2.19","TCP","94","","49170  >  26 [SYN] Seq=0 Win=65535 Len=0 TSval=0 TSecr=0 WS=4 SACK_PERM"
"256","1.045760","10.1.1.2","10.1.2.21","TCP","94","","49172  >  28 [SYN] Seq=0 Win=65535 Len=0 TSval=0 TSecr=0 WS=4 SACK_PERM"
"286","1.119240","10.1.1.2","10.1.2.21","TCP","94","","59  >  49153 [SYN, ACK] Seq=0 Ack=1 Win=65535 Len=0 TSval=1101 TSecr=1000 WS=4 SACK_PERM"
"290","1.122275","10.1.1.2","10.1.2.13","TCP","94","","51  >  49153 [SYN, ACK] Seq=0 Ack=1 Win=65535 Len=0 TSval=1104 TSecr=1000 WS=4 SACK_PERM"
"294","1.123773","10.1.1.2","10.1.2.17","TCP","94","","55  >  49153 [SYN, ACK] Seq=0 Ack=1 Win=65535 Len=0 TSval=1105 TSecr=1000 WS=4 SACK_PERM"
"298","1.124919","10.1.1.2","10.1.2.11","TCP","94","","49  >  49153 [SYN, ACK] Seq=0 Ack=1 Win=65535 Len=0 TSval=1107 TSecr=1000 WS=4 SACK_PERM"
"303","1.126726","10.1.1.2","10.1.2.3","TCP","94","","41  >  49153 [SYN, ACK] Seq=0 Ack=1 Win=65535 Len=0 TSval=1107 TSecr=1000 WS=4 SACK_PERM"
"307","1.127370","10.1.1.2","10.1.2.5","TCP","94","","43  >  49153 [SYN, ACK] Seq=0 Ack=1 Win=65535 Len=0 TSval=1109 TSecr=1000 WS=4 SACK_PERM"
"311","1.128517","10.1.1.2","10.1.2.7","TCP","94","","45  >  49153 [SYN, ACK] Seq=0 Ack=1 Win=65535 Len=0 TSval=1110 TSecr=1000 WS=4 SACK_PERM"
"315","1.129817","10.1.1.2","10.1.2.9","TCP","94","","47  >  49153 [SYN, ACK] Seq=0 Ack=1 Win=65535 Len=0 TSval=1111 TSecr=1000 WS=4 SACK_PERM"
"319","1.131028","10.1.1.2","10.1.2.19","TCP","94","","57  >  49153 [SYN, ACK] Seq=0 Ack=1 Win=65535 Len=0 TSval=1113 TSecr=1000 WS=4 SACK_PERM"
"323","1.132134","10.1.1.2","10.1.2.15","TCP","94","","53  >  49153 [SYN, ACK] Seq=0 Ack=1 Win=65535 Len=0 TSval=1114 TSecr=1000 WS=4 SACK_PERM"
"633","1.443474","10.1.1.2","10.1.2.3","TCP","626","","[TCP Previous segment not captured] 49154  >  10 [ACK] Seq=5361 Ack=1 Win=131072 Len=536 TSval=1425 TSecr=1321"
"733","1.462579","10.1.1.2","10.1.2.13","FTP-DATA","626","","[TCP Previous segment not captured] FTP Data: 536 bytes"
"859","1.482170","10.1.1.2","10.1.2.17","TCP","626","","[TCP Previous segment not captured] 49168  >  24 [ACK] Seq=5361 Ack=1 Win=131072 Len=536 TSval=1464 TSecr=1356"
"953","1.639927","10.1.1.2","10.1.2.3","TCP","626","","[TCP Previous segment not captured] 49154  >  10 [ACK] Seq=15009 Ack=1 Win=131072 Len=536 TSval=1621 TSecr=1521"
"955","1.640157","10.1.1.2","10.1.2.3","TCP","626","","49154  >  10 [ACK] Seq=15545 Ack=1 Win=131072 Len=536 TSval=1621 TSecr=1521"
"1022","1.650182","10.1.1.2","10.1.2.7","TCP","626","","[TCP Previous segment not captured] 49158  >  14 [ACK] Seq=15009 Ack=1 Win=131072 Len=536 TSval=1632 TSecr=1532"
"1024","1.650502","10.1.1.2","10.1.2.7","TCP","626","","49158  >  14 [ACK] Seq=15545 Ack=1 Win=131072 Len=536 TSval=1632 TSecr=1532"
"1036","1.652486","10.1.1.2","10.1.2.5","TCP","626","","[TCP Previous segment not captured] 49156  >  12 [ACK] Seq=18225 Ack=1 Win=131072 Len=536 TSval=1634 TSecr=1533"
"1100","1.657954","10.1.1.2","10.1.2.7","TCP","626","","[TCP Previous segment not captured] 49158  >  14 [ACK] Seq=18225 Ack=1 Win=131072 Len=536 TSval=1640 TSecr=1538"
"1156","1.668330","10.1.1.2","10.1.2.11","TCP","626","","[TCP Previous segment not captured] 49162  >  18 [ACK] Seq=16081 Ack=1 Win=131072 Len=536 TSval=1650 TSecr=1548"
"1613","1.840427","10.1.1.2","10.1.2.3","TCP","626","","[TCP Previous segment not captured] 49154  >  10 [ACK] Seq=35377 Ack=1 Win=131072 Len=536 TSval=1822 TSecr=1722"
"1623","1.845618","10.1.1.2","10.1.2.3","TCP","626","","[TCP Previous segment not captured] 49154  >  10 [ACK] Seq=37521 Ack=1 Win=131072 Len=536 TSval=1827 TSecr=1727"
"1632","1.848858","10.1.1.2","10.1.2.5","TCP","626","","[TCP Previous segment not captured] 49156  >  12 [ACK] Seq=35377 Ack=1 Win=131072 Len=536 TSval=1830 TSecr=1730"
"2937","2.026304","10.1.1.2","10.1.2.2","TCP","94","","49153  >  9 [SYN] Seq=0 Win=65535 Len=0 TSval=0 TSecr=0 WS=4 SACK_PERM"
"2938","2.026609","10.1.1.2","10.1.2.4","TCP","94","","49155  >  11 [SYN] Seq=0 Win=65535 Len=0 TSval=0 TSecr=0 WS=4 SACK_PERM"
"2940","2.026803","10.1.1.2","10.1.2.8","TCP","94","","49159  >  15 [SYN] Seq=0 Win=65535 Len=0 TSval=0 TSecr=0 WS=4 SACK_PERM"
"2941","2.027036","10.1.1.2","10.1.2.16","TCP","94","","49167  >  23 [SYN] Seq=0 Win=65535 Len=0 TSval=0 TSecr=0 WS=4 SACK_PERM"
"2942","2.027508","10.1.1.2","10.1.2.16","TCP","94","","[TCP Retransmission] 49167  >  23 [SYN] Seq=0 Win=65535 Len=0 TSval=0 TSecr=0 WS=4 SACK_PERM"
"2946","2.028367","10.1.1.2","10.1.2.16","TCP","94","","[TCP Retransmission] 49167  >  23 [SYN] Seq=0 Win=65535 Len=0 TSval=0 TSecr=0 WS=4 SACK_PERM"
"2948","2.028582","10.1.1.2","10.1.2.18","TCP","94","","49169  >  25 [SYN] Seq=0 Win=65535 Len=0 TSval=0 TSecr=0 WS=4 SACK_PERM"
"2949","2.029018","10.1.1.2","10.1.2.18","TCP","94","","[TCP Retransmission] 49169  >  25 [SYN] Seq=0 Win=65535 Len=0 TSval=0 TSecr=0 WS=4 SACK_PERM"
"2950","2.029274","10.1.1.2","10.1.2.18","TCP","94","","[TCP Retransmission] 49169  >  25 [SYN] Seq=0 Win=65535 Len=0 TSval=0 TSecr=0 WS=4 SACK_PERM"
"2985","2.041309","10.1.1.2","10.1.2.3","TCP","626","","[TCP Previous segment not captured] 49154  >  10 [ACK] Seq=76113 Ack=1 Win=131072 Len=536 TSval=2023 TSecr=1922"
"3003","2.046477","10.1.1.2","10.1.2.3","TCP","626","","[TCP Previous segment not captured] 49154  >  10 [ACK] Seq=80401 Ack=1 Win=131072 Len=536 TSval=2028 TSecr=1928"
"3019","2.056027","10.1.1.2","10.1.2.5","TCP","626","","[TCP Previous segment not captured] 49156  >  12 [ACK] Seq=76113 Ack=1 Win=131072 Len=536 TSval=2038 TSecr=1931"
"3034","2.064313","10.1.1.2","10.1.2.7","TCP","626","","[TCP Previous segment not captured] 49158  >  14 [ACK] Seq=76113 Ack=1 Win=131072 Len=536 TSval=2046 TSecr=1938"
"4211","2.174646","10.1.1.2","10.1.2.12","TCP","90","","49163  >  19 [ACK] Seq=1 Ack=1 Win=131072 Len=0 TSval=2104 TSecr=1124"
"4214","2.175164","10.1.1.2","10.1.2.12","TCP","90","","[TCP Dup ACK 4211#1] 49163  >  19 [ACK] Seq=1 Ack=1 Win=131072 Len=0 TSval=2104 TSecr=1124"
"4260","2.177906","10.1.1.2","10.1.2.12","TCP","90","","[TCP Dup ACK 4211#2] 49163  >  19 [ACK] Seq=1 Ack=1 Win=131072 Len=0 TSval=2104 TSecr=1124"
"4265","2.179493","10.1.1.2","10.1.2.12","TCP","90","","[TCP Dup ACK 4211#3] 49163  >  19 [ACK] Seq=1 Ack=1 Win=131072 Len=0 TSval=2104 TSecr=1124"
"5858","2.357386","10.1.1.2","10.1.2.16","TELNET","626","","[TCP Previous segment not captured] Telnet Data ..."
"5859","2.358007","10.1.1.2","10.1.2.16","TCP","626","","[TCP Retransmission] 49167  >  23 [ACK] Seq=3753 Ack=1 Win=131072 Len=536 TSval=2221 TSecr=2110"
"5860","2.358277","10.1.1.2","10.1.2.16","TCP","626","","[TCP Retransmission] 49167  >  23 [ACK] Seq=3753 Ack=1 Win=131072 Len=536 TSval=2221 TSecr=2110"
"5879","2.361855","10.1.1.2","10.1.2.16","TCP","626","","[TCP Retransmission] 49167  >  23 [ACK] Seq=3753 Ack=1 Win=131072 Len=536 TSval=2221 TSecr=2110"
"5880","2.365534","10.1.1.2","10.1.2.16","TCP","626","","[TCP Retransmission] 49167  >  23 [ACK] Seq=3753 Ack=1 Win=131072 Len=536 TSval=2221 TSecr=2110"
"5884","2.374172","10.1.1.2","10.1.2.16","TCP","626","","[TCP Spurious Retransmission] 49167  >  23 [ACK] Seq=3753 Ack=1 Win=131072 Len=536 TSval=2221 TSecr=2110"
"5885","2.374539","10.1.1.2","10.1.2.16","TCP","626","","[TCP Spurious Retransmission] 49167  >  23 [ACK] Seq=3753 Ack=1 Win=131072 Len=536 TSval=2221 TSecr=2110"
"6993","2.465276","10.1.1.2","10.1.2.21","TCP","90","","59  >  49153 [ACK] Seq=1 Ack=513 Win=131072 Len=0 TSval=2337 TSecr=2221"
"8900","2.592450","10.1.1.2","10.1.2.7","TCP","90","","45  >  49153 [ACK] Seq=1 Ack=4609 Win=131072 Len=0 TSval=2497 TSecr=2374"
"16530","3.160061","10.1.1.2","10.1.2.4","TCP","626","","[TCP Previous segment not captured] 49155  >  11 [ACK] Seq=12329 Ack=1 Win=131072 Len=536 TSval=3021 TSecr=2920"
"16531","3.160276","10.1.1.2","10.1.2.4","TCP","626","","[TCP Retransmission] 49155  >  11 [ACK] Seq=12329 Ack=1 Win=131072 Len=536 TSval=3021 TSecr=2920"
"16665","3.167415","10.1.1.2","10.1.2.9","TCP","626","","[TCP Previous segment not captured] 49160  >  16 [ACK] Seq=351257 Ack=1 Win=131072 Len=536 TSval=3062 TSecr=2952"
"16669","3.168199","10.1.1.2","10.1.2.19","TCP","626","","[TCP Previous segment not captured] 49170  >  26 [ACK] Seq=351257 Ack=1 Win=131072 Len=536 TSval=3091 TSecr=2989"
"16793","3.183670","10.1.1.2","10.1.2.20","TCP","94","","49171  >  27 [SYN] Seq=0 Win=65535 Len=0 TSval=3000 TSecr=0 WS=4 SACK_PERM"
"16794","3.184133","10.1.1.2","10.1.2.20","TCP","94","","[TCP Retransmission] 49171  >  27 [SYN] Seq=0 Win=65535 Len=0 TSval=3000 TSecr=0 WS=4 SACK_PERM"
"16795","3.184461","10.1.1.2","10.1.2.20","TCP","94","","[TCP Retransmission] 49171  >  27 [SYN] Seq=0 Win=65535 Len=0 TSval=3000 TSecr=0 WS=4 SACK_PERM"
"16797","3.185133","10.1.1.2","10.1.2.20","TCP","94","","[TCP Retransmission] 49171  >  27 [SYN] Seq=0 Win=65535 Len=0 TSval=3000 TSecr=0 WS=4 SACK_PERM"
"16806","3.188927","10.1.1.2","10.1.2.20","TCP","94","","[TCP Retransmission] 49171  >  27 [SYN] Seq=0 Win=65535 Len=0 TSval=3000 TSecr=0 WS=4 SACK_PERM"
"16872","3.202063","10.1.1.2","10.1.2.20","TCP","94","","[TCP Retransmission] 49171  >  27 [SYN] Seq=0 Win=65535 Len=0 TSval=3000 TSecr=0 WS=4 SACK_PERM"
"17528","3.241544","10.1.1.2","10.1.2.13","TCP","90","","51  >  49153 [ACK] Seq=1 Ack=20993 Win=131072 Len=0 TSval=3147 TSecr=3023"
"17930","3.304594","10.1.1.2","10.1.2.17","TCP","626","","[TCP Previous segment not captured] 49168  >  24 [ACK] Seq=349209 Ack=1 Win=131072 Len=536 TSval=3238 TSecr=3129"
"18182","3.319073","10.1.1.2","10.1.2.9","TCP","90","","[TCP ACKed unseen segment] 47  >  49153 [ACK] Seq=1 Ack=18433 Win=131072 Len=0 TSval=3262 TSecr=2952"
"18184","3.319375","10.1.1.2","10.1.2.15","SSH","626","","Client: [TCP Previous segment not captured] , Encrypted packet (len=536)"
"18296","3.325461","10.1.1.2","10.1.2.15","TCP","90","","53  >  49153 [ACK] Seq=1 Ack=24577 Win=131072 Len=0 TSval=3304 TSecr=3176"
"18304","3.333088","10.1.1.2","10.1.2.9","TCP","90","","[TCP ACKed unseen segment] 47  >  49153 [ACK] Seq=1 Ack=19505 Win=131072 Len=0 TSval=3315 TSecr=3209"
"18306","3.333344","10.1.1.2","10.1.2.9","TCP","90","","[TCP ACKed unseen segment] 47  >  49153 [ACK] Seq=1 Ack=20577 Win=131072 Len=0 TSval=3315 TSecr=3209"
"18308","3.333609","10.1.1.2","10.1.2.9","TCP","90","","[TCP ACKed unseen segment] 47  >  49153 [ACK] Seq=1 Ack=21649 Win=131072 Len=0 TSval=3315 TSecr=3209"
"18310","3.333865","10.1.1.2","10.1.2.9","TCP","90","","[TCP ACKed unseen segment] 47  >  49153 [ACK] Seq=1 Ack=22721 Win=131072 Len=0 TSval=3315 TSecr=3209"
"18312","3.334130","10.1.1.2","10.1.2.9","TCP","90","","[TCP ACKed unseen segment] 47  >  49153 [ACK] Seq=1 Ack=23793 Win=131072 Len=0 TSval=3316 TSecr=3209"
"18314","3.334854","10.1.1.2","10.1.2.9","TCP","90","","[TCP ACKed unseen segment] 47  >  49153 [ACK] Seq=1 Ack=24577 Win=131072 Len=0 TSval=3316 TSecr=3209"
"19443","3.412079","10.1.1.2","10.1.2.15","SSH","626","","Client: Encrypted packet (len=536)"
"21688","3.672675","10.1.1.2","10.1.2.8","TCP","626","","[TCP Previous segment not captured] 49159  >  15 [ACK] Seq=56281 Ack=1 Win=131072 Len=536 TSval=3466 TSecr=3078"
"21689","3.673133","10.1.1.2","10.1.2.8","TCP","626","","[TCP Retransmission] 49159  >  15 [ACK] Seq=56281 Ack=1 Win=131072 Len=536 TSval=3466 TSecr=3078"
"21690","3.673610","10.1.1.2","10.1.2.8","TCP","626","","[TCP Retransmission] 49159  >  15 [ACK] Seq=56281 Ack=1 Win=131072 Len=536 TSval=3466 TSecr=3078"
"21691","3.674033","10.1.1.2","10.1.2.8","TCP","626","","[TCP Retransmission] 49159  >  15 [ACK] Seq=56281 Ack=1 Win=131072 Len=536 TSval=3466 TSecr=3078"
"21721","3.677001","10.1.1.2","10.1.2.8","TCP","626","","[TCP Retransmission] 49159  >  15 [ACK] Seq=56281 Ack=1 Win=131072 Len=536 TSval=3466 TSecr=3078"
"21722","3.680573","10.1.1.2","10.1.2.8","TCP","626","","[TCP Retransmission] 49159  >  15 [ACK] Seq=56281 Ack=1 Win=131072 Len=536 TSval=3466 TSecr=3078"
"30998","4.648507","10.1.1.2","10.1.2.4","TCP","626","","[TCP Previous segment not captured] 49155  >  11 [ACK] Seq=28409 Ack=1 Win=131072 Len=536 TSval=4348 TSecr=4248"
"30999","4.648974","10.1.1.2","10.1.2.4","TCP","626","","[TCP Retransmission] 49155  >  11 [ACK] Seq=28409 Ack=1 Win=131072 Len=536 TSval=4348 TSecr=4248"
"31000","4.649387","10.1.1.2","10.1.2.4","TCP","626","","[TCP Retransmission] 49155  >  11 [ACK] Seq=28409 Ack=1 Win=131072 Len=536 TSval=4348 TSecr=4248"
"34837","5.010806","10.1.1.2","10.1.2.16","TELNET","626","","[TCP Previous segment not captured] Telnet Data ..."
"34838","5.011182","10.1.1.2","10.1.2.16","TCP","626","","[TCP Retransmission] 49167  >  23 [ACK] Seq=217617 Ack=1 Win=131072 Len=536 TSval=4631 TSecr=4520"
"38664","5.487793","10.1.1.2","10.1.2.4","TCP","626","","[TCP Previous segment not captured] 49155  >  11 [ACK] Seq=43417 Ack=1 Win=131072 Len=536 TSval=5234 TSecr=5132"
"38667","5.488971","10.1.1.2","10.1.2.4","TCP","626","","[TCP Retransmission] 49155  >  11 [ACK] Seq=43417 Ack=1 Win=131072 Len=536 TSval=5234 TSecr=5132"
"38670","5.489319","10.1.1.2","10.1.2.4","TCP","626","","[TCP Retransmission] 49155  >  11 [ACK] Seq=43417 Ack=1 Win=131072 Len=536 TSval=5234 TSecr=5132"
"40007","5.671424","10.1.1.2","10.1.2.18","TCP","626","","[TCP Previous segment not captured] 49169  >  25 [ACK] Seq=264249 Ack=1 Win=131072 Len=536 TSval=5461 TSecr=5130 [TCP segment of a reassembled PDU]"
"41362","5.828637","10.1.1.2","10.1.2.5","TCP","90","","[TCP ACKed unseen segment] 43  >  49153 [ACK] Seq=1 Ack=49665 Win=131072 Len=0 TSval=5549 TSecr=5248"
"42438","5.984684","10.1.1.2","10.1.2.4","TCP","626","","[TCP Previous segment not captured] 49155  >  11 [ACK] Seq=45025 Ack=1 Win=131072 Len=536 TSval=5675 TSecr=5567"
"42515","6.005906","10.1.1.2","10.1.2.3","TCP","626","","[TCP Previous segment not captured] 49154  >  10 [ACK] Seq=624129 Ack=1 Win=131072 Len=536 TSval=5754 TSecr=5654"
"42532","6.011608","10.1.1.2","10.1.2.2","DISCARD","626","","[TCP Previous segment not captured] Discard"
"43368","6.102788","10.1.1.2","10.1.2.5","TCP","626","","[TCP Previous segment not captured] 49156  >  12 [ACK] Seq=605409 Ack=1 Win=131072 Len=536 TSval=5908 TSecr=5606"
"44028","6.208131","10.1.1.2","10.1.2.17","TCP","626","","[TCP Previous segment not captured] 49168  >  24 [ACK] Seq=697857 Ack=1 Win=131072 Len=536 TSval=5975 TSecr=5874"
"45324","6.438755","10.1.1.2","10.1.2.4","TCP","626","","[TCP Previous segment not captured] 49155  >  11 [ACK] Seq=56281 Ack=1 Win=131072 Len=536 TSval=6172 TSecr=6066"
"47340","6.750119","10.1.1.2","10.1.2.18","TCP","626","","[TCP Previous segment not captured] 49169  >  25 [ACK] Seq=308737 Ack=1 Win=131072 Len=536 TSval=6348 TSecr=6239 [TCP segment of a reassembled PDU]"
"47344","6.750871","10.1.1.2","10.1.2.18","TCP","626","","[TCP Retransmission] 49169  >  25 [ACK] Seq=308737 Ack=1 Win=131072 Len=536 TSval=6348 TSecr=6239"
"47569","6.790607","10.1.1.2","10.1.2.8","TCP","626","","[TCP Previous segment not captured] 49159  >  15 [ACK] Seq=386857 Ack=1 Win=131072 Len=536 TSval=6434 TSecr=6304"
"47970","6.817780","10.1.1.2","10.1.2.2","DISCARD","626","","[TCP Previous segment not captured] Discard"
"47978","6.820203","10.1.1.2","10.1.2.2","TCP","626","","[TCP Retransmission] 49153  >  9 [ACK] Seq=57353 Ack=1 Win=131072 Len=536 TSval=6596 TSecr=6371"
"47980","6.820423","10.1.1.2","10.1.2.13","TCP","90","","51  >  49153 [ACK] Seq=1 Ack=57857 Win=131072 Len=0 TSval=6621 TSecr=6498"
"48020","6.823841","10.1.1.2","10.1.2.4","TCP","626","","[TCP Previous segment not captured] 49155  >  11 [ACK] Seq=61105 Ack=1 Win=131072 Len=536 TSval=6644 TSecr=6453"
"48040","6.824943","10.1.1.2","10.1.2.4","TCP","626","","[TCP Retransmission] 49155  >  11 [ACK] Seq=61105 Ack=1 Win=131072 Len=536 TSval=6644 TSecr=6453"
"49092","6.989459","10.1.1.2","10.1.2.21","TCP","90","","59  >  49153 [ACK] Seq=1 Ack=62977 Win=131072 Len=0 TSval=6826 TSecr=6699"
"49096","6.989865","10.1.1.2","10.1.2.7","TCP","90","","45  >  49153 [ACK] Seq=1 Ack=62977 Win=131072 Len=0 TSval=6832 TSecr=6709"
"49384","7.021846","10.1.1.2","10.1.2.20","TCP","90","","[TCP ACKed unseen segment] 58  >  49153 [ACK] Seq=1 Ack=23553 Win=32768 Len=0 TSval=6945 TSecr=6616"
"49732","7.060000","10.1.1.2","10.1.2.16","TELNET","626","","[TCP Previous segment not captured] Telnet Data ..."
"51259","7.243303","10.1.1.2","10.1.2.21","TCP","90","","59  >  49153 [ACK] Seq=1 Ack=72193 Win=131072 Len=0 TSval=7191 TSecr=7071"
"51407","7.259393","10.1.1.2","10.1.2.13","TCP","90","","51  >  49153 [ACK] Seq=1 Ack=73217 Win=131072 Len=0 TSval=7236 TSecr=7112"
"51555","7.271224","10.1.1.2","10.1.2.3","TCP","98","","41  >  49153 [ACK] Seq=1 Ack=68609 Win=131072 Len=0 TSval=7242 TSecr=6953 SLE=69121 SRE=73217"
"51570","7.272059","10.1.1.2","10.1.2.19","TCP","90","","[TCP ACKed unseen segment] 57  >  49153 [ACK] Seq=1 Ack=64265 Win=131072 Len=0 TSval=7242 TSecr=6934"
"51574","7.272507","10.1.1.2","10.1.2.17","TCP","90","","55  >  49153 [ACK] Seq=1 Ack=73217 Win=131072 Len=0 TSval=7242 TSecr=7114"
"51576","7.272736","10.1.1.2","10.1.2.9","TCP","90","","47  >  49153 [ACK] Seq=1 Ack=73217 Win=131072 Len=0 TSval=7249 TSecr=7120"
"51578","7.272902","10.1.1.2","10.1.2.15","TCP","90","","53  >  49153 [ACK] Seq=1 Ack=73217 Win=131072 Len=0 TSval=7249 TSecr=7128"
"51718","7.283295","10.1.1.2","10.1.2.3","TCP","98","","[TCP Dup ACK 51555#1] 41  >  49153 [ACK] Seq=1 Ack=68609 Win=131072 Len=0 TSval=7262 TSecr=6953 SLE=69121 SRE=73729"
"52037","7.339800","10.1.1.2","10.1.2.19","TCP","626","","[TCP Previous segment not captured] 49170  >  26 [ACK] Seq=634345 Ack=1 Win=131072 Len=536 TSval=7269 TSecr=6934"
"52044","7.340358","10.1.1.2","10.1.2.21","TCP","90","","59  >  49153 [ACK] Seq=1 Ack=74241 Win=131072 Len=0 TSval=7274 TSecr=7150"
"52046","7.340578","10.1.1.2","10.1.2.17","TCP","90","","55  >  49153 [ACK] Seq=1 Ack=74241 Win=131072 Len=0 TSval=7275 TSecr=7155"
"52095","7.351673","10.1.1.2","10.1.2.4","TCP","626","","[TCP Previous segment not captured] 49155  >  11 [ACK] Seq=82545 Ack=1 Win=131072 Len=536 TSval=7281 TSecr=7177"
"52099","7.352184","10.1.1.2","10.1.2.7","TCP","90","","45  >  49153 [ACK] Seq=1 Ack=74241 Win=131072 Len=0 TSval=7281 TSecr=7159"
"52101","7.352423","10.1.1.2","10.1.2.9","TCP","90","","47  >  49153 [ACK] Seq=1 Ack=74241 Win=131072 Len=0 TSval=7282 TSecr=7161"
"52103","7.352616","10.1.1.2","10.1.2.15","TCP","90","","53  >  49153 [ACK] Seq=1 Ack=74241 Win=131072 Len=0 TSval=7284 TSecr=7163"
"53680","7.685005","10.1.1.2","10.1.2.8","TCP","626","","[TCP Previous segment not captured] 49159  >  15 [ACK] Seq=395433 Ack=1 Win=131072 Len=536 TSval=7369 TSecr=7263"
"53681","7.685256","10.1.1.2","10.1.2.8","TCP","626","","[TCP Retransmission] 49159  >  15 [ACK] Seq=395433 Ack=1 Win=131072 Len=536 TSval=7369 TSecr=7263"
"53695","7.687029","10.1.1.2","10.1.2.8","TCP","626","","[TCP Retransmission] 49159  >  15 [ACK] Seq=395433 Ack=1 Win=131072 Len=536 TSval=7369 TSecr=7263"
"58816","8.539922","10.1.1.2","10.1.2.20","TCP","626","","[TCP Previous segment not captured] 49171  >  27 [ACK] Seq=217617 Ack=1 Win=131072 Len=536 TSval=8284 TSecr=8078"
"59816","8.653443","10.1.1.2","10.1.2.10","TCP","626","","49161  >  17 [ACK] Seq=555369 Ack=1 Win=32768 Len=536 TSval=8419 TSecr=8314"
"59823","8.654429","10.1.1.2","10.1.2.10","TCP","626","","[TCP Retransmission] 49161  >  17 [ACK] Seq=555369 Ack=1 Win=32768 Len=536 TSval=8419 TSecr=8314"
"59953","8.663448","10.1.1.2","10.1.2.4","TCP","90","","42  >  49153 [ACK] Seq=1 Ack=49665 Win=32768 Len=0 TSval=8539 TSecr=8235"
"59956","8.663979","10.1.1.2","10.1.2.4","TCP","90","","[TCP Dup ACK 59953#1] 42  >  49153 [ACK] Seq=1 Ack=49665 Win=32768 Len=0 TSval=8539 TSecr=8235"
"60551","8.714888","10.1.1.2","10.1.2.8","TCP","626","","[TCP Previous segment not captured] 49159  >  15 [ACK] Seq=407113 Ack=1 Win=131072 Len=536 TSval=8637 TSecr=8528"
"60552","8.715103","10.1.1.2","10.1.2.8","TCP","626","","[TCP Retransmission] 49159  >  15 [ACK] Seq=407113 Ack=1 Win=131072 Len=536 TSval=8637 TSecr=8528"
"60555","8.716117","10.1.1.2","10.1.2.8","TCP","626","","[TCP Retransmission] 49159  >  15 [ACK] Seq=407113 Ack=1 Win=131072 Len=536 TSval=8637 TSecr=8528"
"60796","8.734219","10.1.1.2","10.1.2.8","TCP","626","","[TCP Retransmission] 49159  >  15 [ACK] Seq=407113 Ack=1 Win=131072 Len=536 TSval=8637 TSecr=8528"
"61581","8.830677","10.1.1.2","10.1.2.11","TCP","90","","49  >  49153 [ACK] Seq=1 Ack=86017 Win=131072 Len=0 TSval=8748 TSecr=8627"
"61646","8.837659","10.1.1.2","10.1.2.17","TCP","90","","55  >  49153 [ACK] Seq=1 Ack=87041 Win=131072 Len=0 TSval=8789 TSecr=8667"
"61648","8.837816","10.1.1.2","10.1.2.3","TCP","90","","41  >  49153 [ACK] Seq=1 Ack=87041 Win=131072 Len=0 TSval=8795 TSecr=8670"
"61654","8.838629","10.1.1.2","10.1.2.19","TCP","90","","57  >  49153 [ACK] Seq=1 Ack=87041 Win=131072 Len=0 TSval=8796 TSecr=8674"
"61656","8.838863","10.1.1.2","10.1.2.7","TCP","90","","45  >  49153 [ACK] Seq=1 Ack=87041 Win=131072 Len=0 TSval=8807 TSecr=8671"
"61715","8.843460","10.1.1.2","10.1.2.21","TCP","90","","59  >  49153 [ACK] Seq=1 Ack=88065 Win=131072 Len=0 TSval=8824 TSecr=8703"
"61721","8.846628","10.1.1.2","10.1.2.13","TCP","90","","51  >  49153 [ACK] Seq=1 Ack=88065 Win=131072 Len=0 TSval=8828 TSecr=8706"
"61730","8.849004","10.1.1.2","10.1.2.17","TCP","90","","55  >  49153 [ACK] Seq=1 Ack=88065 Win=131072 Len=0 TSval=8831 TSecr=8708"
"61741","8.853735","10.1.1.2","10.1.2.7","TCP","90","","45  >  49153 [ACK] Seq=1 Ack=88065 Win=131072 Len=0 TSval=8835 TSecr=8712"
"61743","8.853933","10.1.1.2","10.1.2.9","TCP","90","","47  >  49153 [ACK] Seq=1 Ack=88065 Win=131072 Len=0 TSval=8836 TSecr=8714"
"61747","8.854417","10.1.1.2","10.1.2.3","TCP","90","","41  >  49153 [ACK] Seq=1 Ack=88065 Win=131072 Len=0 TSval=8836 TSecr=8710"
"61749","8.854836","10.1.1.2","10.1.2.11","TCP","626","","[TCP Previous segment not captured] 49162  >  18 [ACK] Seq=1180313 Ack=1 Win=131072 Len=536 TSval=8836 TSecr=8731"
"61841","8.861459","10.1.1.2","10.1.2.15","TCP","90","","53  >  49153 [ACK] Seq=1 Ack=88065 Win=131072 Len=0 TSval=8842 TSecr=8716"
"61843","8.862726","10.1.1.2","10.1.2.17","TCP","626","","[TCP Previous segment not captured] 49168  >  24 [ACK] Seq=772361 Ack=1 Win=131072 Len=536 TSval=8844 TSecr=8742"
"61886","8.869880","10.1.1.2","10.1.2.20","TCP","626","","[TCP Previous segment not captured] 49171  >  27 [ACK] Seq=242809 Ack=1 Win=131072 Len=536 TSval=8851 TSecr=8746"
"62001","8.883037","10.1.1.2","10.1.2.19","TCP","90","","[TCP ACKed unseen segment] 57  >  49153 [ACK] Seq=1 Ack=88113 Win=131072 Len=0 TSval=8865 TSecr=8759"
"62013","8.892782","10.1.1.2","10.1.2.13","FTP-DATA","626","","[TCP Previous segment not captured] FTP Data: 536 bytes"
"62178","8.909601","10.1.1.2","10.1.2.19","TCP","90","","57  >  49153 [ACK] Seq=1 Ack=89089 Win=131072 Len=0 TSval=8877 TSecr=8759"
"62185","8.910225","10.1.1.2","10.1.2.7","TCP","90","","45  >  49153 [ACK] Seq=1 Ack=89089 Win=131072 Len=0 TSval=8878 TSecr=8759"
"62187","8.910432","10.1.1.2","10.1.2.11","TCP","90","","49  >  49153 [ACK] Seq=1 Ack=89089 Win=131072 Len=0 TSval=8879 TSecr=8750"
"62189","8.910670","10.1.1.2","10.1.2.3","TCP","90","","[TCP ACKed unseen segment] 41  >  49153 [ACK] Seq=1 Ack=89089 Win=131072 Len=0 TSval=8885 TSecr=8751"
"62191","8.910827","10.1.1.2","10.1.2.17","TCP","90","","[TCP ACKed unseen segment] 55  >  49153 [ACK] Seq=1 Ack=89089 Win=131072 Len=0 TSval=8890 TSecr=8749"
"62195","8.911562","10.1.1.2","10.1.2.21","TCP","626","","[TCP Previous segment not captured] 49172  >  28 [ACK] Seq=986585 Ack=1 Win=131072 Len=536 TSval=8893 TSecr=8760"
"63015","9.018508","10.1.1.2","10.1.2.2","DISCARD","626","","[TCP Previous segment not captured] Discard"
"63138","9.032233","10.1.1.2","10.1.2.13","TCP","90","","51  >  49153 [ACK] Seq=1 Ack=92161 Win=131072 Len=0 TSval=8993 TSecr=8870"
"63307","9.045434","10.1.1.2","10.1.2.11","TCP","90","","49  >  49153 [ACK] Seq=1 Ack=92161 Win=131072 Len=0 TSval=9002 TSecr=8873"
"65400","9.345502","10.1.1.2","10.1.2.21","TCP","90","","59  >  49153 [ACK] Seq=1 Ack=99329 Win=131072 Len=0 TSval=9276 TSecr=9154"
"66665","9.656860","10.1.1.2","10.1.2.20","TCP","626","","[TCP Previous segment not captured] 49171  >  27 [ACK] Seq=292121 Ack=1 Win=131072 Len=536 TSval=9340 TSecr=9234"
"66667","9.658394","10.1.1.2","10.1.2.20","TCP","626","","[TCP Retransmission] 49171  >  27 [ACK] Seq=292121 Ack=1 Win=131072 Len=536 TSval=9340 TSecr=9234"
